date,predicted_demand,sku_id
2026-01-01,92.51272,SKU_1
2026-01-02,79.87301,SKU_1
2026-01-03,90.504456,SKU_1
2026-01-04,87.29288,SKU_1
2026-01-05,81.31166,SKU_1
2026-01-06,78.996605,SKU_1
2026-01-07,79.59351,SKU_1
2026-01-08,73.732124,SKU_1
2026-01-09,71.83869,SKU_1
2026-01-10,83.65443,SKU_1
2026-01-11,83.93502,SKU_1
2026-01-12,70.51557,SKU_1
2026-01-13,68.58071,SKU_1
2026-01-14,71.31617,SKU_1
2026-01-15,64.69494,SKU_1
2026-01-16,62.887783,SKU_1
2026-01-17,71.44414,SKU_1
2026-01-18,70.35939,SKU_1
2026-01-19,59.59041,SKU_1
2026-01-20,61.86275,SKU_1
2026-01-21,64.6434,SKU_1
2026-01-22,61.128292,SKU_1
2026-01-23,60.20312,SKU_1
2026-01-24,69.00096,SKU_1
2026-01-25,68.644775,SKU_1
2026-01-26,59.076096,SKU_1
2026-01-27,58.261383,SKU_1
2026-01-28,60.79999,SKU_1
2026-01-29,54.36405,SKU_1
2026-01-30,52.14903,SKU_1
2026-01-01,65.66962,SKU_10
2026-01-02,61.473858,SKU_10
2026-01-03,68.68766,SKU_10
2026-01-04,69.21333,SKU_10
2026-01-05,61.488316,SKU_10
2026-01-06,61.37688,SKU_10
2026-01-07,66.61148,SKU_10
2026-01-08,63.47224,SKU_10
2026-01-09,61.473392,SKU_10
2026-01-10,69.19584,SKU_10
2026-01-11,68.71083,SKU_10
2026-01-12,63.337254,SKU_10
2026-01-13,64.13415,SKU_10
2026-01-14,69.90628,SKU_10
2026-01-15,61.257286,SKU_10
2026-01-16,61.177868,SKU_10
2026-01-17,69.59076,SKU_10
2026-01-18,69.35393,SKU_10
2026-01-19,63.640675,SKU_10
2026-01-20,63.860123,SKU_10
2026-01-21,69.965,SKU_10
2026-01-22,61.87731,SKU_10
2026-01-23,60.40232,SKU_10
2026-01-24,70.596985,SKU_10
2026-01-25,69.47558,SKU_10
2026-01-26,63.772526,SKU_10
2026-01-27,64.00158,SKU_10
2026-01-28,71.41238,SKU_10
2026-01-29,61.859825,SKU_10
2026-01-30,62.087383,SKU_10
2026-01-01,101.86701,SKU_11
2026-01-02,88.76143,SKU_11
2026-01-03,99.236496,SKU_11
2026-01-04,99.20382,SKU_11
2026-01-05,100.017166,SKU_11
2026-01-06,90.16922,SKU_11
2026-01-07,95.528046,SKU_11
2026-01-08,88.60583,SKU_11
2026-01-09,89.784386,SKU_11
2026-01-10,97.35576,SKU_11
2026-01-11,96.9338,SKU_11
2026-01-12,85.69806,SKU_11
2026-01-13,88.50086,SKU_11
2026-01-14,93.05958,SKU_11
2026-01-15,86.69222,SKU_11
2026-01-16,83.56626,SKU_11
2026-01-17,96.849915,SKU_11
2026-01-18,96.704285,SKU_11
2026-01-19,86.10158,SKU_11
2026-01-20,87.66966,SKU_11
2026-01-21,91.90113,SKU_11
2026-01-22,84.77021,SKU_11
2026-01-23,82.693565,SKU_11
2026-01-24,91.70814,SKU_11
2026-01-25,91.22138,SKU_11
2026-01-26,81.49482,SKU_11
2026-01-27,80.44464,SKU_11
2026-01-28,82.85038,SKU_11
2026-01-29,77.57287,SKU_11
2026-01-30,78.18012,SKU_11
2026-01-01,76.67269,SKU_12
2026-01-02,71.94996,SKU_12
2026-01-03,82.80586,SKU_12
2026-01-04,82.686295,SKU_12
2026-01-05,73.61144,SKU_12
2026-01-06,74.59016,SKU_12
2026-01-07,73.06036,SKU_12
2026-01-08,66.48715,SKU_12
2026-01-09,64.9599,SKU_12
2026-01-10,73.69134,SKU_12
2026-01-11,73.217636,SKU_12
2026-01-12,63.649506,SKU_12
2026-01-13,61.855396,SKU_12
2026-01-14,66.140205,SKU_12
2026-01-15,61.69726,SKU_12
2026-01-16,61.604687,SKU_12
2026-01-17,69.6064,SKU_12
2026-01-18,69.90519,SKU_12
2026-01-19,61.066273,SKU_12
2026-01-20,60.762653,SKU_12
2026-01-21,67.327965,SKU_12
2026-01-22,59.036713,SKU_12
2026-01-23,58.82416,SKU_12
2026-01-24,68.27253,SKU_12
2026-01-25,67.00603,SKU_12
2026-01-26,56.08141,SKU_12
2026-01-27,53.17607,SKU_12
2026-01-28,57.861664,SKU_12
2026-01-29,50.68597,SKU_12
2026-01-30,48.05397,SKU_12
2026-01-01,123.973076,SKU_13
2026-01-02,98.004845,SKU_13
2026-01-03,108.583,SKU_13
2026-01-04,106.35485,SKU_13
2026-01-05,98.57998,SKU_13
2026-01-06,97.70014,SKU_13
2026-01-07,102.50086,SKU_13
2026-01-08,101.773926,SKU_13
2026-01-09,96.20758,SKU_13
2026-01-10,106.38515,SKU_13
2026-01-11,107.76125,SKU_13
2026-01-12,96.130356,SKU_13
2026-01-13,98.22499,SKU_13
2026-01-14,102.97909,SKU_13
2026-01-15,99.266815,SKU_13
2026-01-16,96.598946,SKU_13
2026-01-17,106.31152,SKU_13
2026-01-18,105.60424,SKU_13
2026-01-19,95.14506,SKU_13
2026-01-20,97.34684,SKU_13
2026-01-21,102.497826,SKU_13
2026-01-22,97.92895,SKU_13
2026-01-23,96.42883,SKU_13
2026-01-24,106.31152,SKU_13
2026-01-25,106.1754,SKU_13
2026-01-26,94.974945,SKU_13
2026-01-27,95.82381,SKU_13
2026-01-28,101.03254,SKU_13
2026-01-29,97.56124,SKU_13
2026-01-30,96.11761,SKU_13
2026-01-01,91.31922,SKU_14
2026-01-02,82.82459,SKU_14
2026-01-03,89.42295,SKU_14
2026-01-04,89.544174,SKU_14
2026-01-05,83.0712,SKU_14
2026-01-06,82.048454,SKU_14
2026-01-07,89.93187,SKU_14
2026-01-08,85.15754,SKU_14
2026-01-09,83.89092,SKU_14
2026-01-10,94.586365,SKU_14
2026-01-11,94.25898,SKU_14
2026-01-12,82.57709,SKU_14
2026-01-13,84.03337,SKU_14
2026-01-14,87.43319,SKU_14
2026-01-15,82.800224,SKU_14
2026-01-16,83.71594,SKU_14
2026-01-17,93.42964,SKU_14
2026-01-18,89.89317,SKU_14
2026-01-19,78.93025,SKU_14
2026-01-20,78.36811,SKU_14
2026-01-21,82.468925,SKU_14
2026-01-22,76.3113,SKU_14
2026-01-23,76.678406,SKU_14
2026-01-24,82.70434,SKU_14
2026-01-25,79.952835,SKU_14
2026-01-26,69.07817,SKU_14
2026-01-27,68.389114,SKU_14
2026-01-28,73.21421,SKU_14
2026-01-29,67.25129,SKU_14
2026-01-30,66.48829,SKU_14
2026-01-01,54.65671,SKU_15
2026-01-02,41.432518,SKU_15
2026-01-03,45.06004,SKU_15
2026-01-04,45.51915,SKU_15
2026-01-05,33.879887,SKU_15
2026-01-06,34.049633,SKU_15
2026-01-07,36.730152,SKU_15
2026-01-08,27.91184,SKU_15
2026-01-09,30.703606,SKU_15
2026-01-10,39.795547,SKU_15
2026-01-11,37.289124,SKU_15
2026-01-12,23.095852,SKU_15
2026-01-13,22.859663,SKU_15
2026-01-14,22.169132,SKU_15
2026-01-15,18.862085,SKU_15
2026-01-16,19.58921,SKU_15
2026-01-17,29.922667,SKU_15
2026-01-18,28.983213,SKU_15
2026-01-19,18.827122,SKU_15
2026-01-20,16.498535,SKU_15
2026-01-21,18.673079,SKU_15
2026-01-22,12.301514,SKU_15
2026-01-23,11.14331,SKU_15
2026-01-24,18.079668,SKU_15
2026-01-25,16.316269,SKU_15
2026-01-26,6.117869,SKU_15
2026-01-27,6.2801394,SKU_15
2026-01-28,5.867866,SKU_15
2026-01-29,3.905279,SKU_15
2026-01-30,3.2167656,SKU_15
2026-01-01,97.19683,SKU_16
2026-01-02,93.04606,SKU_16
2026-01-03,107.77777,SKU_16
2026-01-04,106.453964,SKU_16
2026-01-05,101.59859,SKU_16
2026-01-06,104.70468,SKU_16
2026-01-07,112.12918,SKU_16
2026-01-08,109.84171,SKU_16
2026-01-09,107.21645,SKU_16
2026-01-10,118.1141,SKU_16
2026-01-11,120.90987,SKU_16
2026-01-12,117.79499,SKU_16
2026-01-13,118.59681,SKU_16
2026-01-14,126.677925,SKU_16
2026-01-15,118.98371,SKU_16
2026-01-16,119.01843,SKU_16
2026-01-17,127.33792,SKU_16
2026-01-18,128.39017,SKU_16
2026-01-19,119.141815,SKU_16
2026-01-20,120.72997,SKU_16
2026-01-21,132.95549,SKU_16
2026-01-22,122.1944,SKU_16
2026-01-23,121.79487,SKU_16
2026-01-24,132.01105,SKU_16
2026-01-25,131.79585,SKU_16
2026-01-26,123.746704,SKU_16
2026-01-27,128.1578,SKU_16
2026-01-28,137.65413,SKU_16
2026-01-29,127.257996,SKU_16
2026-01-30,127.55116,SKU_16
2026-01-01,77.11774,SKU_17
2026-01-02,68.98444,SKU_17
2026-01-03,78.36726,SKU_17
2026-01-04,79.34225,SKU_17
2026-01-05,70.75622,SKU_17
2026-01-06,68.741165,SKU_17
2026-01-07,74.58585,SKU_17
2026-01-08,70.076706,SKU_17
2026-01-09,70.41045,SKU_17
2026-01-10,79.49733,SKU_17
2026-01-11,79.4441,SKU_17
2026-01-12,71.536255,SKU_17
2026-01-13,71.847015,SKU_17
2026-01-14,74.365,SKU_17
2026-01-15,70.10217,SKU_17
2026-01-16,70.72344,SKU_17
2026-01-17,80.046165,SKU_17
2026-01-18,80.021385,SKU_17
2026-01-19,71.76475,SKU_17
2026-01-20,72.23767,SKU_17
2026-01-21,77.6923,SKU_17
2026-01-22,70.58249,SKU_17
2026-01-23,68.457596,SKU_17
2026-01-24,80.481926,SKU_17
2026-01-25,79.37235,SKU_17
2026-01-26,71.81109,SKU_17
2026-01-27,72.316895,SKU_17
2026-01-28,77.11954,SKU_17
2026-01-29,71.143234,SKU_17
2026-01-30,71.29056,SKU_17
2026-01-01,14.123727,SKU_18
2026-01-02,4.9868965,SKU_18
2026-01-03,14.358123,SKU_18
2026-01-04,15.512699,SKU_18
2026-01-05,4.6796446,SKU_18
2026-01-06,1.9564155,SKU_18
2026-01-07,6.691165,SKU_18
2026-01-08,2.6919858,SKU_18
2026-01-09,1.1224573,SKU_18
2026-01-10,9.340296,SKU_18
2026-01-11,9.804759,SKU_18
2026-01-12,-1.0334709,SKU_18
2026-01-13,1.9106191,SKU_18
2026-01-14,5.712687,SKU_18
2026-01-15,1.6187221,SKU_18
2026-01-16,1.3691653,SKU_18
2026-01-17,7.2797027,SKU_18
2026-01-18,9.162176,SKU_18
2026-01-19,-0.6748836,SKU_18
2026-01-20,-4.263345,SKU_18
2026-01-21,0.20318662,SKU_18
2026-01-22,-2.5476065,SKU_18
2026-01-23,-2.5924997,SKU_18
2026-01-24,2.8684113,SKU_18
2026-01-25,2.5363324,SKU_18
2026-01-26,-4.2999406,SKU_18
2026-01-27,-4.220552,SKU_18
2026-01-28,-1.1246072,SKU_18
2026-01-29,-3.2375271,SKU_18
2026-01-30,-3.1887505,SKU_18
2026-01-01,84.31085,SKU_19
2026-01-02,79.13576,SKU_19
2026-01-03,90.35903,SKU_19
2026-01-04,89.72561,SKU_19
2026-01-05,78.42953,SKU_19
2026-01-06,79.44112,SKU_19
2026-01-07,81.63584,SKU_19
2026-01-08,75.74326,SKU_19
2026-01-09,76.85934,SKU_19
2026-01-10,84.72014,SKU_19
2026-01-11,82.71114,SKU_19
2026-01-12,71.96222,SKU_19
2026-01-13,72.19269,SKU_19
2026-01-14,75.04743,SKU_19
2026-01-15,71.20383,SKU_19
2026-01-16,70.11868,SKU_19
2026-01-17,77.071976,SKU_19
2026-01-18,74.95738,SKU_19
2026-01-19,65.22151,SKU_19
2026-01-20,64.41286,SKU_19
2026-01-21,68.913376,SKU_19
2026-01-22,65.58128,SKU_19
2026-01-23,64.43795,SKU_19
2026-01-24,71.81551,SKU_19
2026-01-25,71.69931,SKU_19
2026-01-26,63.219437,SKU_19
2026-01-27,63.268204,SKU_19
2026-01-28,69.36493,SKU_19
2026-01-29,60.904526,SKU_19
2026-01-30,59.90054,SKU_19
2026-01-01,116.97499,SKU_2
2026-01-02,104.94326,SKU_2
2026-01-03,115.53276,SKU_2
2026-01-04,114.44694,SKU_2
2026-01-05,96.517525,SKU_2
2026-01-06,100.82322,SKU_2
2026-01-07,108.95141,SKU_2
2026-01-08,97.45526,SKU_2
2026-01-09,96.76735,SKU_2
2026-01-10,104.535446,SKU_2
2026-01-11,103.11076,SKU_2
2026-01-12,93.02362,SKU_2
2026-01-13,96.09499,SKU_2
2026-01-14,98.16068,SKU_2
2026-01-15,95.44737,SKU_2
2026-01-16,94.75757,SKU_2
2026-01-17,104.27421,SKU_2
2026-01-18,103.77109,SKU_2
2026-01-19,92.607895,SKU_2
2026-01-20,94.205605,SKU_2
2026-01-21,100.87979,SKU_2
2026-01-22,94.369804,SKU_2
2026-01-23,94.08367,SKU_2
2026-01-24,103.84607,SKU_2
2026-01-25,103.797806,SKU_2
2026-01-26,92.22938,SKU_2
2026-01-27,93.80872,SKU_2
2026-01-28,99.30878,SKU_2
2026-01-29,95.20017,SKU_2
2026-01-30,95.08122,SKU_2
2026-01-01,85.938835,SKU_20
2026-01-02,77.93464,SKU_20
2026-01-03,85.16684,SKU_20
2026-01-04,84.30409,SKU_20
2026-01-05,77.13147,SKU_20
2026-01-06,74.90955,SKU_20
2026-01-07,79.049545,SKU_20
2026-01-08,71.90349,SKU_20
2026-01-09,72.23361,SKU_20
2026-01-10,78.534615,SKU_20
2026-01-11,78.56522,SKU_20
2026-01-12,68.612114,SKU_20
2026-01-13,68.69574,SKU_20
2026-01-14,72.91062,SKU_20
2026-01-15,67.79612,SKU_20
2026-01-16,68.21251,SKU_20
2026-01-17,76.49397,SKU_20
2026-01-18,75.469986,SKU_20
2026-01-19,67.19116,SKU_20
2026-01-20,65.904655,SKU_20
2026-01-21,69.043175,SKU_20
2026-01-22,65.29712,SKU_20
2026-01-23,65.87565,SKU_20
2026-01-24,74.68582,SKU_20
2026-01-25,72.65141,SKU_20
2026-01-26,64.2078,SKU_20
2026-01-27,63.88454,SKU_20
2026-01-28,69.24805,SKU_20
2026-01-29,60.483147,SKU_20
2026-01-30,60.167656,SKU_20
2026-01-01,56.534554,SKU_21
2026-01-02,40.951027,SKU_21
2026-01-03,47.70019,SKU_21
2026-01-04,48.076614,SKU_21
2026-01-05,37.738033,SKU_21
2026-01-06,37.637207,SKU_21
2026-01-07,37.56172,SKU_21
2026-01-08,32.651146,SKU_21
2026-01-09,37.082935,SKU_21
2026-01-10,45.673744,SKU_21
2026-01-11,45.06517,SKU_21
2026-01-12,34.531242,SKU_21
2026-01-13,34.53536,SKU_21
2026-01-14,36.03351,SKU_21
2026-01-15,32.700916,SKU_21
2026-01-16,33.61729,SKU_21
2026-01-17,41.48786,SKU_21
2026-01-18,41.00794,SKU_21
2026-01-19,30.057777,SKU_21
2026-01-20,30.195614,SKU_21
2026-01-21,29.820074,SKU_21
2026-01-22,26.940086,SKU_21
2026-01-23,27.086683,SKU_21
2026-01-24,32.865208,SKU_21
2026-01-25,29.259113,SKU_21
2026-01-26,21.576525,SKU_21
2026-01-27,21.94061,SKU_21
2026-01-28,24.240234,SKU_21
2026-01-29,19.941372,SKU_21
2026-01-30,18.761463,SKU_21
2026-01-01,62.24179,SKU_22
2026-01-02,50.40015,SKU_22
2026-01-03,60.80117,SKU_22
2026-01-04,60.5008,SKU_22
2026-01-05,48.037716,SKU_22
2026-01-06,45.722824,SKU_22
2026-01-07,49.50788,SKU_22
2026-01-08,41.57838,SKU_22
2026-01-09,42.725792,SKU_22
2026-01-10,50.19154,SKU_22
2026-01-11,48.913055,SKU_22
2026-01-12,38.462524,SKU_22
2026-01-13,37.693954,SKU_22
2026-01-14,40.046253,SKU_22
2026-01-15,37.714767,SKU_22
2026-01-16,37.972763,SKU_22
2026-01-17,48.79046,SKU_22
2026-01-18,46.555122,SKU_22
2026-01-19,34.996387,SKU_22
2026-01-20,33.403103,SKU_22
2026-01-21,36.609974,SKU_22
2026-01-22,33.296516,SKU_22
2026-01-23,33.146923,SKU_22
2026-01-24,41.98456,SKU_22
2026-01-25,40.241188,SKU_22
2026-01-26,26.805431,SKU_22
2026-01-27,25.799019,SKU_22
2026-01-28,26.285286,SKU_22
2026-01-29,23.29936,SKU_22
2026-01-30,22.507265,SKU_22
2026-01-01,39.61956,SKU_23
2026-01-02,24.528528,SKU_23
2026-01-03,33.81833,SKU_23
2026-01-04,33.08258,SKU_23
2026-01-05,20.823978,SKU_23
2026-01-06,15.374044,SKU_23
2026-01-07,17.910324,SKU_23
2026-01-08,11.867419,SKU_23
2026-01-09,14.838163,SKU_23
2026-01-10,21.049736,SKU_23
2026-01-11,19.964693,SKU_23
2026-01-12,9.896242,SKU_23
2026-01-13,8.905561,SKU_23
2026-01-14,11.490064,SKU_23
2026-01-15,7.8198676,SKU_23
2026-01-16,4.474905,SKU_23
2026-01-17,13.500154,SKU_23
2026-01-18,14.279634,SKU_23
2026-01-19,4.664174,SKU_23
2026-01-20,3.618594,SKU_23
2026-01-21,7.8216414,SKU_23
2026-01-22,4.523183,SKU_23
2026-01-23,3.9842138,SKU_23
2026-01-24,12.897893,SKU_23
2026-01-25,13.153431,SKU_23
2026-01-26,2.0581162,SKU_23
2026-01-27,-0.23428246,SKU_23
2026-01-28,2.81702,SKU_23
2026-01-29,-0.10437207,SKU_23
2026-01-30,-0.3749691,SKU_23
2026-01-01,46.37594,SKU_24
2026-01-02,35.358353,SKU_24
2026-01-03,48.21256,SKU_24
2026-01-04,47.75985,SKU_24
2026-01-05,36.271492,SKU_24
2026-01-06,36.63648,SKU_24
2026-01-07,39.421146,SKU_24
2026-01-08,33.301445,SKU_24
2026-01-09,33.518364,SKU_24
2026-01-10,43.971336,SKU_24
2026-01-11,44.581997,SKU_24
2026-01-12,31.368479,SKU_24
2026-01-13,27.78059,SKU_24
2026-01-14,32.06938,SKU_24
2026-01-15,27.480642,SKU_24
2026-01-16,26.238766,SKU_24
2026-01-17,34.804375,SKU_24
2026-01-18,35.166656,SKU_24
2026-01-19,23.439747,SKU_24
2026-01-20,21.691442,SKU_24
2026-01-21,24.035372,SKU_24
2026-01-22,19.491081,SKU_24
2026-01-23,18.86851,SKU_24
2026-01-24,27.622477,SKU_24
2026-01-25,26.981703,SKU_24
2026-01-26,16.771566,SKU_24
2026-01-27,16.244593,SKU_24
2026-01-28,16.062588,SKU_24
2026-01-29,12.200322,SKU_24
2026-01-30,10.807993,SKU_24
2026-01-01,99.9826,SKU_25
2026-01-02,98.67308,SKU_25
2026-01-03,102.8513,SKU_25
2026-01-04,109.08433,SKU_25
2026-01-05,97.335625,SKU_25
2026-01-06,98.91464,SKU_25
2026-01-07,101.17679,SKU_25
2026-01-08,99.056435,SKU_25
2026-01-09,96.43754,SKU_25
2026-01-10,109.421265,SKU_25
2026-01-11,106.43194,SKU_25
2026-01-12,95.55605,SKU_25
2026-01-13,96.91194,SKU_25
2026-01-14,100.219376,SKU_25
2026-01-15,96.3414,SKU_25
2026-01-16,95.065735,SKU_25
2026-01-17,105.610504,SKU_25
2026-01-18,107.16178,SKU_25
2026-01-19,94.49666,SKU_25
2026-01-20,96.01872,SKU_25
2026-01-21,101.46539,SKU_25
2026-01-22,97.493324,SKU_25
2026-01-23,96.04969,SKU_25
2026-01-24,106.96197,SKU_25
2026-01-25,106.564384,SKU_25
2026-01-26,93.53825,SKU_25
2026-01-27,96.819374,SKU_25
2026-01-28,102.3708,SKU_25
2026-01-29,95.582924,SKU_25
2026-01-30,96.04969,SKU_25
2026-01-01,58.12894,SKU_26
2026-01-02,52.786823,SKU_26
2026-01-03,57.98381,SKU_26
2026-01-04,57.156017,SKU_26
2026-01-05,48.601982,SKU_26
2026-01-06,41.135845,SKU_26
2026-01-07,41.312744,SKU_26
2026-01-08,37.374737,SKU_26
2026-01-09,39.29108,SKU_26
2026-01-10,48.793922,SKU_26
2026-01-11,47.143074,SKU_26
2026-01-12,34.52109,SKU_26
2026-01-13,32.534313,SKU_26
2026-01-14,35.72371,SKU_26
2026-01-15,34.11581,SKU_26
2026-01-16,34.38431,SKU_26
2026-01-17,41.25915,SKU_26
2026-01-18,39.79235,SKU_26
2026-01-19,27.43734,SKU_26
2026-01-20,24.395477,SKU_26
2026-01-21,26.973545,SKU_26
2026-01-22,21.547523,SKU_26
2026-01-23,19.846169,SKU_26
2026-01-24,30.26225,SKU_26
2026-01-25,27.346539,SKU_26
2026-01-26,15.787806,SKU_26
2026-01-27,14.87039,SKU_26
2026-01-28,15.97653,SKU_26
2026-01-29,8.980474,SKU_26
2026-01-30,6.597227,SKU_26
2026-01-01,51.406773,SKU_27
2026-01-02,44.848507,SKU_27
2026-01-03,54.64656,SKU_27
2026-01-04,53.54723,SKU_27
2026-01-05,50.13976,SKU_27
2026-01-06,45.255394,SKU_27
2026-01-07,47.851757,SKU_27
2026-01-08,45.594345,SKU_27
2026-01-09,44.707867,SKU_27
2026-01-10,53.70552,SKU_27
2026-01-11,50.09101,SKU_27
2026-01-12,47.5513,SKU_27
2026-01-13,46.127777,SKU_27
2026-01-14,47.43681,SKU_27
2026-01-15,46.192505,SKU_27
2026-01-16,46.608387,SKU_27
2026-01-17,54.68986,SKU_27
2026-01-18,54.231445,SKU_27
2026-01-19,48.700665,SKU_27
2026-01-20,48.930935,SKU_27
2026-01-21,49.11023,SKU_27
2026-01-22,48.176323,SKU_27
2026-01-23,48.235455,SKU_27
2026-01-24,54.835957,SKU_27
2026-01-25,54.00259,SKU_27
2026-01-26,48.645435,SKU_27
2026-01-27,49.5084,SKU_27
2026-01-28,48.94173,SKU_27
2026-01-29,48.910267,SKU_27
2026-01-30,48.9694,SKU_27
2026-01-01,68.04053,SKU_28
2026-01-02,63.687275,SKU_28
2026-01-03,71.49972,SKU_28
2026-01-04,70.70327,SKU_28
2026-01-05,62.5479,SKU_28
2026-01-06,62.739716,SKU_28
2026-01-07,65.22683,SKU_28
2026-01-08,60.478233,SKU_28
2026-01-09,61.367985,SKU_28
2026-01-10,69.12735,SKU_28
2026-01-11,68.94566,SKU_28
2026-01-12,60.104095,SKU_28
2026-01-13,59.861187,SKU_28
2026-01-14,66.32788,SKU_28
2026-01-15,56.171055,SKU_28
2026-01-16,55.562263,SKU_28
2026-01-17,66.219376,SKU_28
2026-01-18,66.05125,SKU_28
2026-01-19,54.015625,SKU_28
2026-01-20,53.19481,SKU_28
2026-01-21,59.470375,SKU_28
2026-01-22,49.5661,SKU_28
2026-01-23,49.46618,SKU_28
2026-01-24,55.80324,SKU_28
2026-01-25,52.196358,SKU_28
2026-01-26,43.75616,SKU_28
2026-01-27,40.83323,SKU_28
2026-01-28,46.589916,SKU_28
2026-01-29,41.1737,SKU_28
2026-01-30,41.554413,SKU_28
2026-01-01,108.56013,SKU_29
2026-01-02,93.76447,SKU_29
2026-01-03,102.004364,SKU_29
2026-01-04,108.85722,SKU_29
2026-01-05,94.286095,SKU_29
2026-01-06,91.945496,SKU_29
2026-01-07,98.795616,SKU_29
2026-01-08,92.65515,SKU_29
2026-01-09,92.95762,SKU_29
2026-01-10,101.19188,SKU_29
2026-01-11,99.725845,SKU_29
2026-01-12,89.04972,SKU_29
2026-01-13,90.38805,SKU_29
2026-01-14,97.15154,SKU_29
2026-01-15,93.40629,SKU_29
2026-01-16,90.87807,SKU_29
2026-01-17,99.07437,SKU_29
2026-01-18,99.45277,SKU_29
2026-01-19,90.04543,SKU_29
2026-01-20,91.6862,SKU_29
2026-01-21,96.28909,SKU_29
2026-01-22,89.867805,SKU_29
2026-01-23,88.82138,SKU_29
2026-01-24,97.24018,SKU_29
2026-01-25,96.383354,SKU_29
2026-01-26,86.88456,SKU_29
2026-01-27,85.70495,SKU_29
2026-01-28,91.298676,SKU_29
2026-01-29,82.758026,SKU_29
2026-01-30,84.934525,SKU_29
2026-01-01,101.263405,SKU_3
2026-01-02,95.4194,SKU_3
2026-01-03,101.285255,SKU_3
2026-01-04,100.36381,SKU_3
2026-01-05,92.49996,SKU_3
2026-01-06,92.67295,SKU_3
2026-01-07,99.08927,SKU_3
2026-01-08,94.84927,SKU_3
2026-01-09,94.80645,SKU_3
2026-01-10,102.11023,SKU_3
2026-01-11,104.27297,SKU_3
2026-01-12,92.29797,SKU_3
2026-01-13,94.34155,SKU_3
2026-01-14,100.78101,SKU_3
2026-01-15,93.08557,SKU_3
2026-01-16,94.35245,SKU_3
2026-01-17,103.55982,SKU_3
2026-01-18,103.381836,SKU_3
2026-01-19,93.195786,SKU_3
2026-01-20,94.54173,SKU_3
2026-01-21,102.057945,SKU_3
2026-01-22,91.663055,SKU_3
2026-01-23,94.64967,SKU_3
2026-01-24,99.478874,SKU_3
2026-01-25,100.92554,SKU_3
2026-01-26,92.307465,SKU_3
2026-01-27,91.598145,SKU_3
2026-01-28,98.051636,SKU_3
2026-01-29,88.77299,SKU_3
2026-01-30,88.27847,SKU_3
2026-01-01,62.58046,SKU_30
2026-01-02,51.07322,SKU_30
2026-01-03,58.066776,SKU_30
2026-01-04,57.20631,SKU_30
2026-01-05,43.04658,SKU_30
2026-01-06,40.942913,SKU_30
2026-01-07,40.5227,SKU_30
2026-01-08,34.011024,SKU_30
2026-01-09,37.181137,SKU_30
2026-01-10,46.02843,SKU_30
2026-01-11,44.81901,SKU_30
2026-01-12,33.00814,SKU_30
2026-01-13,31.949984,SKU_30
2026-01-14,34.99367,SKU_30
2026-01-15,32.877075,SKU_30
2026-01-16,32.98469,SKU_30
2026-01-17,39.824963,SKU_30
2026-01-18,37.610645,SKU_30
2026-01-19,23.7054,SKU_30
2026-01-20,21.992634,SKU_30
2026-01-21,24.68698,SKU_30
2026-01-22,19.463926,SKU_30
2026-01-23,18.399654,SKU_30
2026-01-24,28.336046,SKU_30
2026-01-25,25.460844,SKU_30
2026-01-26,14.434802,SKU_30
2026-01-27,11.679722,SKU_30
2026-01-28,10.018564,SKU_30
2026-01-29,6.4157424,SKU_30
2026-01-30,4.536234,SKU_30
2026-01-01,76.86149,SKU_31
2026-01-02,72.340744,SKU_31
2026-01-03,81.95838,SKU_31
2026-01-04,83.46649,SKU_31
2026-01-05,71.4919,SKU_31
2026-01-06,74.99832,SKU_31
2026-01-07,78.03188,SKU_31
2026-01-08,72.51876,SKU_31
2026-01-09,70.992226,SKU_31
2026-01-10,83.92492,SKU_31
2026-01-11,82.791794,SKU_31
2026-01-12,75.03587,SKU_31
2026-01-13,72.84193,SKU_31
2026-01-14,78.54821,SKU_31
2026-01-15,71.74166,SKU_31
2026-01-16,71.07838,SKU_31
2026-01-17,83.54166,SKU_31
2026-01-18,83.58625,SKU_31
2026-01-19,75.260315,SKU_31
2026-01-20,74.77015,SKU_31
2026-01-21,77.82954,SKU_31
2026-01-22,70.92876,SKU_31
2026-01-23,70.99686,SKU_31
2026-01-24,82.13529,SKU_31
2026-01-25,80.86872,SKU_31
2026-01-26,72.571495,SKU_31
2026-01-27,73.63303,SKU_31
2026-01-28,76.16411,SKU_31
2026-01-29,70.56626,SKU_31
2026-01-30,70.713585,SKU_31
2026-01-01,80.24128,SKU_32
2026-01-02,73.45106,SKU_32
2026-01-03,80.74609,SKU_32
2026-01-04,80.4698,SKU_32
2026-01-05,66.75023,SKU_32
2026-01-06,66.92637,SKU_32
2026-01-07,73.750275,SKU_32
2026-01-08,63.427902,SKU_32
2026-01-09,62.94615,SKU_32
2026-01-10,69.88076,SKU_32
2026-01-11,69.91679,SKU_32
2026-01-12,62.194405,SKU_32
2026-01-13,60.64087,SKU_32
2026-01-14,64.714226,SKU_32
2026-01-15,60.506084,SKU_32
2026-01-16,60.072598,SKU_32
2026-01-17,68.07479,SKU_32
2026-01-18,68.20545,SKU_32
2026-01-19,59.383347,SKU_32
2026-01-20,59.368847,SKU_32
2026-01-21,63.195213,SKU_32
2026-01-22,55.616833,SKU_32
2026-01-23,55.216255,SKU_32
2026-01-24,63.596848,SKU_32
2026-01-25,62.3624,SKU_32
2026-01-26,51.111385,SKU_32
2026-01-27,47.57434,SKU_32
2026-01-28,52.75665,SKU_32
2026-01-29,42.211895,SKU_32
2026-01-30,43.43804,SKU_32
2026-01-01,56.287914,SKU_33
2026-01-02,53.315228,SKU_33
2026-01-03,58.20251,SKU_33
2026-01-04,61.733017,SKU_33
2026-01-05,54.115192,SKU_33
2026-01-06,55.77858,SKU_33
2026-01-07,61.025562,SKU_33
2026-01-08,54.506096,SKU_33
2026-01-09,53.429916,SKU_33
2026-01-10,59.17623,SKU_33
2026-01-11,60.32621,SKU_33
2026-01-12,55.927227,SKU_33
2026-01-13,55.084824,SKU_33
2026-01-14,60.33068,SKU_33
2026-01-15,53.72034,SKU_33
2026-01-16,54.82748,SKU_33
2026-01-17,59.39463,SKU_33
2026-01-18,61.091187,SKU_33
2026-01-19,57.231964,SKU_33
2026-01-20,57.92869,SKU_33
2026-01-21,63.024384,SKU_33
2026-01-22,56.793636,SKU_33
2026-01-23,56.75889,SKU_33
2026-01-24,61.662025,SKU_33
2026-01-25,62.820587,SKU_33
2026-01-26,58.642605,SKU_33
2026-01-27,58.657852,SKU_33
2026-01-28,64.05108,SKU_33
2026-01-29,56.588737,SKU_33
2026-01-30,56.596035,SKU_33
2026-01-01,77.16309,SKU_34
2026-01-02,64.36787,SKU_34
2026-01-03,72.626045,SKU_34
2026-01-04,73.45135,SKU_34
2026-01-05,61.599197,SKU_34
2026-01-06,60.356754,SKU_34
2026-01-07,60.33231,SKU_34
2026-01-08,55.036137,SKU_34
2026-01-09,54.721794,SKU_34
2026-01-10,60.530273,SKU_34
2026-01-11,59.529205,SKU_34
2026-01-12,47.77256,SKU_34
2026-01-13,46.59899,SKU_34
2026-01-14,46.020393,SKU_34
2026-01-15,44.86204,SKU_34
2026-01-16,44.04192,SKU_34
2026-01-17,50.791473,SKU_34
2026-01-18,49.544098,SKU_34
2026-01-19,39.241512,SKU_34
2026-01-20,38.439713,SKU_34
2026-01-21,40.844242,SKU_34
2026-01-22,37.8292,SKU_34
2026-01-23,38.437065,SKU_34
2026-01-24,46.23993,SKU_34
2026-01-25,45.318943,SKU_34
2026-01-26,32.126766,SKU_34
2026-01-27,32.92704,SKU_34
2026-01-28,34.02533,SKU_34
2026-01-29,30.405039,SKU_34
2026-01-30,28.316717,SKU_34
2026-01-01,66.32195,SKU_35
2026-01-02,56.65962,SKU_35
2026-01-03,66.53959,SKU_35
2026-01-04,65.99073,SKU_35
2026-01-05,55.35439,SKU_35
2026-01-06,53.12768,SKU_35
2026-01-07,57.86304,SKU_35
2026-01-08,47.917473,SKU_35
2026-01-09,47.54057,SKU_35
2026-01-10,53.915356,SKU_35
2026-01-11,51.58357,SKU_35
2026-01-12,38.325554,SKU_35
2026-01-13,39.331005,SKU_35
2026-01-14,41.588013,SKU_35
2026-01-15,40.170677,SKU_35
2026-01-16,40.58163,SKU_35
2026-01-17,50.647755,SKU_35
2026-01-18,49.10486,SKU_35
2026-01-19,36.043335,SKU_35
2026-01-20,36.146442,SKU_35
2026-01-21,38.657898,SKU_35
2026-01-22,37.270473,SKU_35
2026-01-23,36.17767,SKU_35
2026-01-24,43.76466,SKU_35
2026-01-25,42.965942,SKU_35
2026-01-26,30.348797,SKU_35
2026-01-27,29.613012,SKU_35
2026-01-28,34.08724,SKU_35
2026-01-29,29.346252,SKU_35
2026-01-30,23.99071,SKU_35
2026-01-01,41.774902,SKU_36
2026-01-02,30.161257,SKU_36
2026-01-03,40.688602,SKU_36
2026-01-04,36.848984,SKU_36
2026-01-05,25.915665,SKU_36
2026-01-06,20.621798,SKU_36
2026-01-07,25.001965,SKU_36
2026-01-08,17.656162,SKU_36
2026-01-09,19.740858,SKU_36
2026-01-10,30.416939,SKU_36
2026-01-11,27.051174,SKU_36
2026-01-12,17.03121,SKU_36
2026-01-13,14.838338,SKU_36
2026-01-14,16.67486,SKU_36
2026-01-15,13.118311,SKU_36
2026-01-16,11.702357,SKU_36
2026-01-17,20.252249,SKU_36
2026-01-18,18.195358,SKU_36
2026-01-19,6.9636683,SKU_36
2026-01-20,6.060515,SKU_36
2026-01-21,10.399805,SKU_36
2026-01-22,4.207369,SKU_36
2026-01-23,2.3717954,SKU_36
2026-01-24,14.206779,SKU_36
2026-01-25,14.563704,SKU_36
2026-01-26,4.968327,SKU_36
2026-01-27,4.873943,SKU_36
2026-01-28,6.961281,SKU_36
2026-01-29,4.0557003,SKU_36
2026-01-30,2.1730986,SKU_36
2026-01-01,75.22797,SKU_37
2026-01-02,72.06972,SKU_37
2026-01-03,86.06041,SKU_37
2026-01-04,80.866066,SKU_37
2026-01-05,76.47457,SKU_37
2026-01-06,76.407036,SKU_37
2026-01-07,82.748405,SKU_37
2026-01-08,74.77081,SKU_37
2026-01-09,75.7031,SKU_37
2026-01-10,83.70508,SKU_37
2026-01-11,82.826614,SKU_37
2026-01-12,80.104355,SKU_37
2026-01-13,80.30774,SKU_37
2026-01-14,88.48411,SKU_37
2026-01-15,78.54948,SKU_37
2026-01-16,78.08506,SKU_37
2026-01-17,87.68783,SKU_37
2026-01-18,83.11916,SKU_37
2026-01-19,79.66488,SKU_37
2026-01-20,80.118454,SKU_37
2026-01-21,87.750496,SKU_37
2026-01-22,78.82404,SKU_37
2026-01-23,79.728294,SKU_37
2026-01-24,86.3767,SKU_37
2026-01-25,84.16647,SKU_37
2026-01-26,79.76341,SKU_37
2026-01-27,80.27295,SKU_37
2026-01-28,89.51557,SKU_37
2026-01-29,78.93294,SKU_37
2026-01-30,79.55682,SKU_37
2026-01-01,121.81322,SKU_38
2026-01-02,99.92571,SKU_38
2026-01-03,115.33855,SKU_38
2026-01-04,114.4158,SKU_38
2026-01-05,96.39893,SKU_38
2026-01-06,100.17164,SKU_38
2026-01-07,107.23183,SKU_38
2026-01-08,99.30836,SKU_38
2026-01-09,96.88942,SKU_38
2026-01-10,105.26805,SKU_38
2026-01-11,103.57581,SKU_38
2026-01-12,93.033775,SKU_38
2026-01-13,95.18396,SKU_38
2026-01-14,99.360435,SKU_38
2026-01-15,96.590706,SKU_38
2026-01-16,94.99259,SKU_38
2026-01-17,104.59202,SKU_38
2026-01-18,104.0889,SKU_38
2026-01-19,92.71154,SKU_38
2026-01-20,94.30925,SKU_38
2026-01-21,100.889946,SKU_38
2026-01-22,95.73469,SKU_38
2026-01-23,94.18732,SKU_38
2026-01-24,104.16388,SKU_38
2026-01-25,104.115616,SKU_38
2026-01-26,92.33302,SKU_38
2026-01-27,93.91237,SKU_38
2026-01-28,99.41059,SKU_38
2026-01-29,92.495476,SKU_38
2026-01-30,95.35971,SKU_38
2026-01-01,33.19503,SKU_39
2026-01-02,29.786821,SKU_39
2026-01-03,40.22114,SKU_39
2026-01-04,39.73904,SKU_39
2026-01-05,27.111673,SKU_39
2026-01-06,23.574474,SKU_39
2026-01-07,25.151226,SKU_39
2026-01-08,23.276663,SKU_39
2026-01-09,21.84643,SKU_39
2026-01-10,32.137325,SKU_39
2026-01-11,30.998528,SKU_39
2026-01-12,20.144396,SKU_39
2026-01-13,19.889645,SKU_39
2026-01-14,23.372717,SKU_39
2026-01-15,17.892649,SKU_39
2026-01-16,17.264208,SKU_39
2026-01-17,26.134148,SKU_39
2026-01-18,25.109982,SKU_39
2026-01-19,12.856853,SKU_39
2026-01-20,12.001347,SKU_39
2026-01-21,14.056786,SKU_39
2026-01-22,10.535748,SKU_39
2026-01-23,8.289909,SKU_39
2026-01-24,17.102968,SKU_39
2026-01-25,18.699003,SKU_39
2026-01-26,7.3117633,SKU_39
2026-01-27,7.442147,SKU_39
2026-01-28,10.88174,SKU_39
2026-01-29,4.632655,SKU_39
2026-01-30,6.3302536,SKU_39
2026-01-01,74.015625,SKU_4
2026-01-02,67.64523,SKU_4
2026-01-03,76.96654,SKU_4
2026-01-04,77.36401,SKU_4
2026-01-05,72.6976,SKU_4
2026-01-06,73.41636,SKU_4
2026-01-07,76.78413,SKU_4
2026-01-08,74.870575,SKU_4
2026-01-09,72.91669,SKU_4
2026-01-10,79.42514,SKU_4
2026-01-11,79.97445,SKU_4
2026-01-12,74.18495,SKU_4
2026-01-13,74.37167,SKU_4
2026-01-14,76.333405,SKU_4
2026-01-15,72.32151,SKU_4
2026-01-16,72.373726,SKU_4
2026-01-17,80.61574,SKU_4
2026-01-18,81.17793,SKU_4
2026-01-19,76.248245,SKU_4
2026-01-20,76.3543,SKU_4
2026-01-21,78.30878,SKU_4
2026-01-22,72.983345,SKU_4
2026-01-23,72.83084,SKU_4
2026-01-24,83.895164,SKU_4
2026-01-25,83.03817,SKU_4
2026-01-26,77.8929,SKU_4
2026-01-27,78.29638,SKU_4
2026-01-28,80.64865,SKU_4
2026-01-29,74.35227,SKU_4
2026-01-30,74.84635,SKU_4
2026-01-01,85.46429,SKU_40
2026-01-02,81.04478,SKU_40
2026-01-03,86.40298,SKU_40
2026-01-04,86.65503,SKU_40
2026-01-05,81.61014,SKU_40
2026-01-06,82.10501,SKU_40
2026-01-07,85.15148,SKU_40
2026-01-08,78.63746,SKU_40
2026-01-09,78.57654,SKU_40
2026-01-10,85.5937,SKU_40
2026-01-11,86.07237,SKU_40
2026-01-12,78.86505,SKU_40
2026-01-13,76.605064,SKU_40
2026-01-14,82.077736,SKU_40
2026-01-15,76.81374,SKU_40
2026-01-16,77.43773,SKU_40
2026-01-17,85.22323,SKU_40
2026-01-18,84.925354,SKU_40
2026-01-19,75.47159,SKU_40
2026-01-20,76.040665,SKU_40
2026-01-21,81.66405,SKU_40
2026-01-22,77.74433,SKU_40
2026-01-23,77.69056,SKU_40
2026-01-24,85.575935,SKU_40
2026-01-25,86.46929,SKU_40
2026-01-26,76.40837,SKU_40
2026-01-27,74.98562,SKU_40
2026-01-28,79.60888,SKU_40
2026-01-29,74.138756,SKU_40
2026-01-30,74.05879,SKU_40
2026-01-01,59.081844,SKU_41
2026-01-02,54.81342,SKU_41
2026-01-03,61.205585,SKU_41
2026-01-04,55.894794,SKU_41
2026-01-05,48.953995,SKU_41
2026-01-06,47.037453,SKU_41
2026-01-07,42.257107,SKU_41
2026-01-08,37.82031,SKU_41
2026-01-09,39.454956,SKU_41
2026-01-10,45.551983,SKU_41
2026-01-11,46.213345,SKU_41
2026-01-12,34.40451,SKU_41
2026-01-13,33.311535,SKU_41
2026-01-14,35.16935,SKU_41
2026-01-15,34.49547,SKU_41
2026-01-16,34.75691,SKU_41
2026-01-17,41.59071,SKU_41
2026-01-18,39.343227,SKU_41
2026-01-19,27.426449,SKU_41
2026-01-20,25.06217,SKU_41
2026-01-21,26.666744,SKU_41
2026-01-22,22.710377,SKU_41
2026-01-23,19.834984,SKU_41
2026-01-24,29.774746,SKU_41
2026-01-25,26.928509,SKU_41
2026-01-26,15.099646,SKU_41
2026-01-27,15.192915,SKU_41
2026-01-28,15.9202175,SKU_41
2026-01-29,9.9175825,SKU_41
2026-01-30,6.7266107,SKU_41
2026-01-01,74.452,SKU_42
2026-01-02,67.77931,SKU_42
2026-01-03,77.78877,SKU_42
2026-01-04,78.17689,SKU_42
2026-01-05,67.3357,SKU_42
2026-01-06,68.46917,SKU_42
2026-01-07,79.72997,SKU_42
2026-01-08,70.44625,SKU_42
2026-01-09,70.45884,SKU_42
2026-01-10,79.74196,SKU_42
2026-01-11,79.26557,SKU_42
2026-01-12,73.70258,SKU_42
2026-01-13,72.94798,SKU_42
2026-01-14,80.505646,SKU_42
2026-01-15,74.01446,SKU_42
2026-01-16,73.8122,SKU_42
2026-01-17,82.14582,SKU_42
2026-01-18,81.77071,SKU_42
2026-01-19,73.934074,SKU_42
2026-01-20,74.65869,SKU_42
2026-01-21,81.26586,SKU_42
2026-01-22,72.65789,SKU_42
2026-01-23,72.76863,SKU_42
2026-01-24,81.937874,SKU_42
2026-01-25,81.44902,SKU_42
2026-01-26,74.298546,SKU_42
2026-01-27,75.20103,SKU_42
2026-01-28,81.14933,SKU_42
2026-01-29,74.47022,SKU_42
2026-01-30,74.31072,SKU_42
2026-01-01,68.6464,SKU_43
2026-01-02,62.662243,SKU_43
2026-01-03,71.37463,SKU_43
2026-01-04,68.877235,SKU_43
2026-01-05,58.992622,SKU_43
2026-01-06,54.838257,SKU_43
2026-01-07,59.45473,SKU_43
2026-01-08,52.702633,SKU_43
2026-01-09,52.34889,SKU_43
2026-01-10,58.887424,SKU_43
2026-01-11,59.18472,SKU_43
2026-01-12,44.89797,SKU_43
2026-01-13,41.269775,SKU_43
2026-01-14,42.65117,SKU_43
2026-01-15,41.20493,SKU_43
2026-01-16,41.39761,SKU_43
2026-01-17,50.7534,SKU_43
2026-01-18,46.055603,SKU_43
2026-01-19,35.969345,SKU_43
2026-01-20,34.179615,SKU_43
2026-01-21,37.728344,SKU_43
2026-01-22,35.552025,SKU_43
2026-01-23,35.53351,SKU_43
2026-01-24,44.360382,SKU_43
2026-01-25,42.395958,SKU_43
2026-01-26,29.416988,SKU_43
2026-01-27,27.708412,SKU_43
2026-01-28,30.07653,SKU_43
2026-01-29,25.27008,SKU_43
2026-01-30,22.89346,SKU_43
2026-01-01,43.875477,SKU_44
2026-01-02,34.821934,SKU_44
2026-01-03,43.393784,SKU_44
2026-01-04,42.21934,SKU_44
2026-01-05,32.025196,SKU_44
2026-01-06,30.643847,SKU_44
2026-01-07,36.26469,SKU_44
2026-01-08,29.19426,SKU_44
2026-01-09,28.322765,SKU_44
2026-01-10,37.72326,SKU_44
2026-01-11,36.543232,SKU_44
2026-01-12,23.39672,SKU_44
2026-01-13,23.392736,SKU_44
2026-01-14,22.644756,SKU_44
2026-01-15,21.925512,SKU_44
2026-01-16,20.647955,SKU_44
2026-01-17,29.610926,SKU_44
2026-01-18,29.65104,SKU_44
2026-01-19,20.431337,SKU_44
2026-01-20,19.71721,SKU_44
2026-01-21,22.561941,SKU_44
2026-01-22,16.479858,SKU_44
2026-01-23,15.795565,SKU_44
2026-01-24,25.328106,SKU_44
2026-01-25,22.584087,SKU_44
2026-01-26,12.668902,SKU_44
2026-01-27,11.415682,SKU_44
2026-01-28,11.586976,SKU_44
2026-01-29,7.014084,SKU_44
2026-01-30,7.8398438,SKU_44
2026-01-01,37.919888,SKU_45
2026-01-02,27.31047,SKU_45
2026-01-03,36.333393,SKU_45
2026-01-04,32.057262,SKU_45
2026-01-05,22.272043,SKU_45
2026-01-06,19.52281,SKU_45
2026-01-07,20.887203,SKU_45
2026-01-08,16.13993,SKU_45
2026-01-09,16.14114,SKU_45
2026-01-10,26.383305,SKU_45
2026-01-11,22.618704,SKU_45
2026-01-12,11.48484,SKU_45
2026-01-13,10.141792,SKU_45
2026-01-14,14.0054245,SKU_45
2026-01-15,10.4922,SKU_45
2026-01-16,7.235979,SKU_45
2026-01-17,16.33189,SKU_45
2026-01-18,14.302127,SKU_45
2026-01-19,5.008571,SKU_45
2026-01-20,4.88043,SKU_45
2026-01-21,5.9773254,SKU_45
2026-01-22,3.4226153,SKU_45
2026-01-23,3.7044144,SKU_45
2026-01-24,11.844375,SKU_45
2026-01-25,11.270267,SKU_45
2026-01-26,1.7742239,SKU_45
2026-01-27,0.64971864,SKU_45
2026-01-28,1.5903589,SKU_45
2026-01-29,-0.7147521,SKU_45
2026-01-30,-1.138061,SKU_45
2026-01-01,90.12089,SKU_46
2026-01-02,82.383995,SKU_46
2026-01-03,91.87403,SKU_46
2026-01-04,91.59392,SKU_46
2026-01-05,79.681145,SKU_46
2026-01-06,80.219246,SKU_46
2026-01-07,85.09248,SKU_46
2026-01-08,76.027,SKU_46
2026-01-09,78.63932,SKU_46
2026-01-10,88.94216,SKU_46
2026-01-11,88.47858,SKU_46
2026-01-12,76.97734,SKU_46
2026-01-13,76.45435,SKU_46
2026-01-14,77.31372,SKU_46
2026-01-15,72.196075,SKU_46
2026-01-16,73.00569,SKU_46
2026-01-17,82.198135,SKU_46
2026-01-18,82.03269,SKU_46
2026-01-19,70.659035,SKU_46
2026-01-20,69.404884,SKU_46
2026-01-21,73.07366,SKU_46
2026-01-22,66.984,SKU_46
2026-01-23,66.25894,SKU_46
2026-01-24,74.92199,SKU_46
2026-01-25,75.608055,SKU_46
2026-01-26,64.642075,SKU_46
2026-01-27,65.34616,SKU_46
2026-01-28,67.88809,SKU_46
2026-01-29,62.87806,SKU_46
2026-01-30,62.82707,SKU_46
2026-01-01,25.515104,SKU_47
2026-01-02,20.129602,SKU_47
2026-01-03,27.966385,SKU_47
2026-01-04,25.909756,SKU_47
2026-01-05,17.35214,SKU_47
2026-01-06,16.597404,SKU_47
2026-01-07,18.17291,SKU_47
2026-01-08,13.918458,SKU_47
2026-01-09,11.494559,SKU_47
2026-01-10,20.522581,SKU_47
2026-01-11,20.427553,SKU_47
2026-01-12,9.04742,SKU_47
2026-01-13,10.37209,SKU_47
2026-01-14,13.845148,SKU_47
2026-01-15,10.334769,SKU_47
2026-01-16,10.292137,SKU_47
2026-01-17,18.38831,SKU_47
2026-01-18,18.723448,SKU_47
2026-01-19,10.367168,SKU_47
2026-01-20,10.920986,SKU_47
2026-01-21,11.579394,SKU_47
2026-01-22,7.486706,SKU_47
2026-01-23,8.323215,SKU_47
2026-01-24,17.251207,SKU_47
2026-01-25,15.326225,SKU_47
2026-01-26,4.533006,SKU_47
2026-01-27,4.923596,SKU_47
2026-01-28,6.6567593,SKU_47
2026-01-29,5.062442,SKU_47
2026-01-30,4.938438,SKU_47
2026-01-01,70.05288,SKU_48
2026-01-02,54.52436,SKU_48
2026-01-03,55.49867,SKU_48
2026-01-04,54.747044,SKU_48
2026-01-05,49.16047,SKU_48
2026-01-06,48.443764,SKU_48
2026-01-07,53.338882,SKU_48
2026-01-08,43.744083,SKU_48
2026-01-09,47.443817,SKU_48
2026-01-10,55.19825,SKU_48
2026-01-11,55.79573,SKU_48
2026-01-12,45.82732,SKU_48
2026-01-13,45.896233,SKU_48
2026-01-14,46.95694,SKU_48
2026-01-15,45.425217,SKU_48
2026-01-16,45.333424,SKU_48
2026-01-17,53.149986,SKU_48
2026-01-18,53.36947,SKU_48
2026-01-19,45.886555,SKU_48
2026-01-20,45.54899,SKU_48
2026-01-21,46.887768,SKU_48
2026-01-22,45.341793,SKU_48
2026-01-23,43.802937,SKU_48
2026-01-24,50.02756,SKU_48
2026-01-25,50.007404,SKU_48
2026-01-26,44.640507,SKU_48
2026-01-27,44.235775,SKU_48
2026-01-28,45.538223,SKU_48
2026-01-29,42.31773,SKU_48
2026-01-30,42.198475,SKU_48
2026-01-01,95.550896,SKU_49
2026-01-02,84.95333,SKU_49
2026-01-03,91.411705,SKU_49
2026-01-04,91.41488,SKU_49
2026-01-05,84.42996,SKU_49
2026-01-06,85.74862,SKU_49
2026-01-07,89.105995,SKU_49
2026-01-08,83.4356,SKU_49
2026-01-09,83.718216,SKU_49
2026-01-10,94.40812,SKU_49
2026-01-11,94.02347,SKU_49
2026-01-12,82.33251,SKU_49
2026-01-13,84.6455,SKU_49
2026-01-14,85.67024,SKU_49
2026-01-15,80.86775,SKU_49
2026-01-16,82.18053,SKU_49
2026-01-17,91.54926,SKU_49
2026-01-18,90.168304,SKU_49
2026-01-19,76.9246,SKU_49
2026-01-20,76.46096,SKU_49
2026-01-21,80.83402,SKU_49
2026-01-22,74.44122,SKU_49
2026-01-23,72.430786,SKU_49
2026-01-24,80.04585,SKU_49
2026-01-25,76.56236,SKU_49
2026-01-26,64.37661,SKU_49
2026-01-27,62.30344,SKU_49
2026-01-28,65.37346,SKU_49
2026-01-29,60.8633,SKU_49
2026-01-30,60.90238,SKU_49
2026-01-01,64.15377,SKU_5
2026-01-02,51.53816,SKU_5
2026-01-03,61.83376,SKU_5
2026-01-04,62.038963,SKU_5
2026-01-05,49.459435,SKU_5
2026-01-06,49.584938,SKU_5
2026-01-07,50.959877,SKU_5
2026-01-08,44.04487,SKU_5
2026-01-09,46.873386,SKU_5
2026-01-10,53.9241,SKU_5
2026-01-11,53.727108,SKU_5
2026-01-12,43.03348,SKU_5
2026-01-13,43.6534,SKU_5
2026-01-14,45.87099,SKU_5
2026-01-15,43.20199,SKU_5
2026-01-16,44.18753,SKU_5
2026-01-17,54.746742,SKU_5
2026-01-18,54.127186,SKU_5
2026-01-19,41.003517,SKU_5
2026-01-20,41.525555,SKU_5
2026-01-21,44.901653,SKU_5
2026-01-22,41.508484,SKU_5
2026-01-23,40.942593,SKU_5
2026-01-24,47.88363,SKU_5
2026-01-25,45.952156,SKU_5
2026-01-26,36.23048,SKU_5
2026-01-27,36.405025,SKU_5
2026-01-28,38.298916,SKU_5
2026-01-29,35.194016,SKU_5
2026-01-30,35.08371,SKU_5
2026-01-01,74.14094,SKU_50
2026-01-02,75.92297,SKU_50
2026-01-03,80.06977,SKU_50
2026-01-04,79.25579,SKU_50
2026-01-05,64.23799,SKU_50
2026-01-06,63.181274,SKU_50
2026-01-07,63.133488,SKU_50
2026-01-08,56.44014,SKU_50
2026-01-09,55.182384,SKU_50
2026-01-10,64.25377,SKU_50
2026-01-11,62.266777,SKU_50
2026-01-12,53.52811,SKU_50
2026-01-13,52.98187,SKU_50
2026-01-14,53.24694,SKU_50
2026-01-15,50.06636,SKU_50
2026-01-16,47.003967,SKU_50
2026-01-17,53.08797,SKU_50
2026-01-18,52.23494,SKU_50
2026-01-19,42.211094,SKU_50
2026-01-20,41.397755,SKU_50
2026-01-21,44.72549,SKU_50
2026-01-22,40.37879,SKU_50
2026-01-23,40.998287,SKU_50
2026-01-24,49.115116,SKU_50
2026-01-25,46.871273,SKU_50
2026-01-26,33.776333,SKU_50
2026-01-27,31.506449,SKU_50
2026-01-28,33.898827,SKU_50
2026-01-29,30.920942,SKU_50
2026-01-30,29.983923,SKU_50
2026-01-01,92.37691,SKU_6
2026-01-02,82.188156,SKU_6
2026-01-03,89.51426,SKU_6
2026-01-04,89.25213,SKU_6
2026-01-05,78.88736,SKU_6
2026-01-06,81.068344,SKU_6
2026-01-07,85.53209,SKU_6
2026-01-08,81.70415,SKU_6
2026-01-09,82.98758,SKU_6
2026-01-10,89.47123,SKU_6
2026-01-11,89.82126,SKU_6
2026-01-12,82.47482,SKU_6
2026-01-13,82.339424,SKU_6
2026-01-14,84.51987,SKU_6
2026-01-15,81.10851,SKU_6
2026-01-16,82.81254,SKU_6
2026-01-17,89.98352,SKU_6
2026-01-18,89.93345,SKU_6
2026-01-19,82.43081,SKU_6
2026-01-20,81.38655,SKU_6
2026-01-21,85.08041,SKU_6
2026-01-22,81.01668,SKU_6
2026-01-23,83.19912,SKU_6
2026-01-24,89.98352,SKU_6
2026-01-25,89.82126,SKU_6
2026-01-26,80.74333,SKU_6
2026-01-27,81.55735,SKU_6
2026-01-28,84.865974,SKU_6
2026-01-29,81.29831,SKU_6
2026-01-30,82.82999,SKU_6
2026-01-01,82.93405,SKU_7
2026-01-02,77.885994,SKU_7
2026-01-03,87.84872,SKU_7
2026-01-04,90.11159,SKU_7
2026-01-05,80.24462,SKU_7
2026-01-06,80.034775,SKU_7
2026-01-07,87.93927,SKU_7
2026-01-08,80.27539,SKU_7
2026-01-09,78.8881,SKU_7
2026-01-10,89.908005,SKU_7
2026-01-11,90.46557,SKU_7
2026-01-12,79.04243,SKU_7
2026-01-13,81.60661,SKU_7
2026-01-14,84.266716,SKU_7
2026-01-15,78.89187,SKU_7
2026-01-16,79.396706,SKU_7
2026-01-17,90.71895,SKU_7
2026-01-18,92.01868,SKU_7
2026-01-19,79.50349,SKU_7
2026-01-20,81.54457,SKU_7
2026-01-21,85.24582,SKU_7
2026-01-22,80.78269,SKU_7
2026-01-23,81.064644,SKU_7
2026-01-24,92.19522,SKU_7
2026-01-25,92.41405,SKU_7
2026-01-26,79.47451,SKU_7
2026-01-27,81.515594,SKU_7
2026-01-28,84.865974,SKU_7
2026-01-29,80.91555,SKU_7
2026-01-30,82.59669,SKU_7
2026-01-01,64.8648,SKU_8
2026-01-02,56.936394,SKU_8
2026-01-03,66.49692,SKU_8
2026-01-04,65.70276,SKU_8
2026-01-05,56.098286,SKU_8
2026-01-06,55.572914,SKU_8
2026-01-07,59.84492,SKU_8
2026-01-08,49.628525,SKU_8
2026-01-09,50.39246,SKU_8
2026-01-10,57.411564,SKU_8
2026-01-11,56.789078,SKU_8
2026-01-12,45.289417,SKU_8
2026-01-13,43.98872,SKU_8
2026-01-14,48.968983,SKU_8
2026-01-15,43.436268,SKU_8
2026-01-16,43.618217,SKU_8
2026-01-17,53.904686,SKU_8
2026-01-18,52.87412,SKU_8
2026-01-19,40.12609,SKU_8
2026-01-20,39.74741,SKU_8
2026-01-21,42.96346,SKU_8
2026-01-22,41.08837,SKU_8
2026-01-23,41.243015,SKU_8
2026-01-24,49.357285,SKU_8
2026-01-25,45.45908,SKU_8
2026-01-26,35.630543,SKU_8
2026-01-27,34.242844,SKU_8
2026-01-28,37.082943,SKU_8
2026-01-29,35.55533,SKU_8
2026-01-30,34.639236,SKU_8
2026-01-01,88.40912,SKU_9
2026-01-02,77.20293,SKU_9
2026-01-03,88.16214,SKU_9
2026-01-04,87.39484,SKU_9
2026-01-05,77.56171,SKU_9
2026-01-06,75.81848,SKU_9
2026-01-07,81.71506,SKU_9
2026-01-08,74.5778,SKU_9
2026-01-09,72.12844,SKU_9
2026-01-10,83.63157,SKU_9
2026-01-11,81.55146,SKU_9
2026-01-12,67.52075,SKU_9
2026-01-13,67.820724,SKU_9
2026-01-14,69.57347,SKU_9
2026-01-15,64.36362,SKU_9
2026-01-16,62.687332,SKU_9
2026-01-17,71.57976,SKU_9
2026-01-18,69.590324,SKU_9
2026-01-19,58.41297,SKU_9
2026-01-20,58.506382,SKU_9
2026-01-21,59.59203,SKU_9
2026-01-22,55.797558,SKU_9
2026-01-23,56.644215,SKU_9
2026-01-24,60.431282,SKU_9
2026-01-25,60.012493,SKU_9
2026-01-26,50.72996,SKU_9
2026-01-27,47.19243,SKU_9
2026-01-28,46.972755,SKU_9
2026-01-29,41.911877,SKU_9
2026-01-30,39.576,SKU_9
